{
  "venues": [
    {
      "id": "52b331da498e25c00246191c",
      "name": "Cevichería Super Ceviche",
      "contact": {},
      "location": {
        "lat": -12.058553451600776,
        "lng": -77.0330945435819,
        "cc": "PE",
        "country": "Perú",
        "formattedAddress": [
          "Perú"
        ]
      },
      "categories": [
        {
          "id": "4eb1bfa43b7b52c0e1adc2e8",
          "name": "Peruvian Restaurant",
          "pluralName": "Peruvian Restaurants",
          "shortName": "Peruvian",
          "icon": {
            "prefix": "https://ss3.4sqi.net/img/categories_v2/food/peruvian_",
            "suffix": ".png"
          },
          "primary": true
        }
      ],
      "verified": false,
      "stats": {
        "checkinsCount": 7,
        "usersCount": 1,
        "tipCount": 0
      },
      "allowMenuUrlEdit": true,
      "specials": {
        "count": 0,
        "items": []
      },
      "hereNow": {
        "count": 0,
        "summary": "Nobody here",
        "groups": []
      },
      "referralId": "v-1464874514",
      "venueChains": []
    },
    {
      "id": "53ea6a1b498eb1c0147ecc83",
      "name": "ceviche de carretilla @ngel",
      "contact": {},
      "location": {
        "lat": -12.033483505249023,
        "lng": -77.03278350830078,
        "cc": "PE",
        "country": "Perú",
        "formattedAddress": [
          "Perú"
        ]
      },
      "categories": [
        {
          "id": "52e81612bcbc57f1066b7a00",
          "name": "Comfort Food Restaurant",
          "pluralName": "Comfort Food Restaurants",
          "shortName": "Comfort Food",
          "icon": {
            "prefix": "https://ss3.4sqi.net/img/categories_v2/food/default_",
            "suffix": ".png"
          },
          "primary": true
        }
      ],
      "verified": false,
      "stats": {
        "checkinsCount": 2,
        "usersCount": 2,
        "tipCount": 1
      },
      "allowMenuUrlEdit": true,
      "specials": {
        "count": 0,
        "items": []
      },
      "hereNow": {
        "count": 0,
        "summary": "Nobody here",
        "groups": []
      },
      "referralId": "v-1464874514",
      "venueChains": []
    },
    {
      "id": "4f20aa5de4b0628b53a9d963",
      "name": "Oh! Maki - Ceviche & Sushi Bar",
      "contact": {
        "phone": "+5112634627",
        "formattedPhone": "+51 1 2634627"
      },
      "location": {
        "address": "Universitaria 770, Lima District 15086",
        "lat": -12.080728942303972,
        "lng": -77.08191260280462,
        "cc": "PE",
        "city": "Lima",
        "state": "Lima",
        "country": "Perú",
        "formattedAddress": [
          "Universitaria 770, Lima District 15086",
          "Lima District",
          "Perú"
        ]
      },
      "categories": [
        {
          "id": "4bf58dd8d48988d1d2941735",
          "name": "Sushi Restaurant",
          "pluralName": "Sushi Restaurants",
          "shortName": "Sushi",
          "icon": {
            "prefix": "https://ss3.4sqi.net/img/categories_v2/food/sushi_",
            "suffix": ".png"
          },
          "primary": true
        }
      ],
      "verified": false,
      "stats": {
        "checkinsCount": 1338,
        "usersCount": 500,
        "tipCount": 48
      },
      "url": "http://www.oh-maki.com",
      "allowMenuUrlEdit": true,
      "specials": {
        "count": 0,
        "items": []
      },
      "hereNow": {
        "count": 0,
        "summary": "Nobody here",
        "groups": []
      },
      "referralId": "v-1464874514",
      "venueChains": []
    },
    {
      "id": "51001923e4b0176c76613862",
      "name": "Ceviche de pota - Wilson",
      "contact": {},
      "location": {
        "lat": -12.055221,
        "lng": -77.037577,
        "cc": "PE",
        "country": "Perú",
        "formattedAddress": [
          "Perú"
        ]
      },
      "categories": [
        {
          "id": "4bf58dd8d48988d1cb941735",
          "name": "Food Truck",
          "pluralName": "Food Trucks",
          "shortName": "Food Truck",
          "icon": {
            "prefix": "https://ss3.4sqi.net/img/categories_v2/food/streetfood_",
            "suffix": ".png"
          },
          "primary": true
        }
      ],
      "verified": false,
      "stats": {
        "checkinsCount": 1,
        "usersCount": 1,
        "tipCount": 0
      },
      "allowMenuUrlEdit": true,
      "specials": {
        "count": 0,
        "items": []
      },
      "hereNow": {
        "count": 0,
        "summary": "Nobody here",
        "groups": []
      },
      "referralId": "v-1464874514",
      "venueChains": []
    },
    {
      "id": "4fa04293e4b0b74f34bc7d56",
      "name": "Ceviche payasito",
      "contact": {},
      "location": {
        "lat": -12.118860270010648,
        "lng": -77.02619523671082,
        "cc": "PE",
        "country": "Perú",
        "formattedAddress": [
          "Perú"
        ]
      },
      "categories": [
        {
          "id": "4bf58dd8d48988d1cb941735",
          "name": "Food Truck",
          "pluralName": "Food Trucks",
          "shortName": "Food Truck",
          "icon": {
            "prefix": "https://ss3.4sqi.net/img/categories_v2/food/streetfood_",
            "suffix": ".png"
          },
          "primary": true
        }
      ],
      "verified": false,
      "stats": {
        "checkinsCount": 6,
        "usersCount": 4,
        "tipCount": 0
      },
      "allowMenuUrlEdit": true,
      "specials": {
        "count": 0,
        "items": []
      },
      "hereNow": {
        "count": 0,
        "summary": "Nobody here",
        "groups": []
      },
      "referralId": "v-1464874514",
      "venueChains": []
    },
    {
      "id": "53de8662498ec77445dc4794",
      "name": "Ceviche de pota",
      "contact": {},
      "location": {
        "address": "Emilio Grec (ex Avenida 2)",
        "lat": -12.024888,
        "lng": -77.034267,
        "cc": "PE",
        "country": "Perú",
        "formattedAddress": [
          "Emilio Grec (ex Avenida 2)",
          "Perú"
        ]
      },
      "categories": [
        {
          "id": "4bf58dd8d48988d1cb941735",
          "name": "Food Truck",
          "pluralName": "Food Trucks",
          "shortName": "Food Truck",
          "icon": {
            "prefix": "https://ss3.4sqi.net/img/categories_v2/food/streetfood_",
            "suffix": ".png"
          },
          "primary": true
        }
      ],
      "verified": false,
      "stats": {
        "checkinsCount": 1,
        "usersCount": 1,
        "tipCount": 0
      },
      "allowMenuUrlEdit": true,
      "specials": {
        "count": 0,
        "items": []
      },
      "hereNow": {
        "count": 0,
        "summary": "Nobody here",
        "groups": []
      },
      "referralId": "v-1464874514",
      "venueChains": []
    },
    {
      "id": "4f3aca32e4b053d310e0e398",
      "name": "JW Sushi Ceviche Lounge",
      "contact": {
        "phone": "+5112177000",
        "formattedPhone": "+51 1 2177000"
      },
      "location": {
        "address": "Malecón de la Reserva, Miraflores 15074",
        "lat": -12.135123470084007,
        "lng": -77.02726361477528,
        "cc": "PE",
        "city": "Miraflores",
        "state": "Lima",
        "country": "Perú",
        "formattedAddress": [
          "Malecón de la Reserva, Miraflores 15074",
          "Miraflores",
          "Perú"
        ]
      },
      "categories": [
        {
          "id": "4bf58dd8d48988d1d2941735",
          "name": "Sushi Restaurant",
          "pluralName": "Sushi Restaurants",
          "shortName": "Sushi",
          "icon": {
            "prefix": "https://ss3.4sqi.net/img/categories_v2/food/sushi_",
            "suffix": ".png"
          },
          "primary": true
        }
      ],
      "verified": false,
      "stats": {
        "checkinsCount": 152,
        "usersCount": 69,
        "tipCount": 4
      },
      "allowMenuUrlEdit": true,
      "specials": {
        "count": 0,
        "items": []
      },
      "hereNow": {
        "count": 0,
        "summary": "Nobody here",
        "groups": []
      },
      "referralId": "v-1464874514",
      "venueChains": []
    },
    {
      "id": "56eda88ecd10d9e2508fb63a",
      "name": "Ceviche",
      "contact": {},
      "location": {
        "lat": -12.025992,
        "lng": -77.05356,
        "cc": "PE",
        "country": "Perú",
        "formattedAddress": [
          "Perú"
        ]
      },
      "categories": [
        {
          "id": "4bf58dd8d48988d1ce941735",
          "name": "Seafood Restaurant",
          "pluralName": "Seafood Restaurants",
          "shortName": "Seafood",
          "icon": {
            "prefix": "https://ss3.4sqi.net/img/categories_v2/food/seafood_",
            "suffix": ".png"
          },
          "primary": true
        }
      ],
      "verified": false,
      "stats": {
        "checkinsCount": 1,
        "usersCount": 1,
        "tipCount": 0
      },
      "allowMenuUrlEdit": true,
      "specials": {
        "count": 0,
        "items": []
      },
      "hereNow": {
        "count": 0,
        "summary": "Nobody here",
        "groups": []
      },
      "referralId": "v-1464874514",
      "venueChains": []
    },
    {
      "id": "566b1844498e28dcd2ca30d3",
      "name": "José Juana #CevicheConSentimiento",
      "contact": {},
      "location": {
        "address": "Av. Risso 460",
        "lat": -12.085254968999074,
        "lng": -77.03163262061291,
        "cc": "PE",
        "country": "Perú",
        "formattedAddress": [
          "Av. Risso 460",
          "Perú"
        ]
      },
      "categories": [
        {
          "id": "4bf58dd8d48988d1ce941735",
          "name": "Seafood Restaurant",
          "pluralName": "Seafood Restaurants",
          "shortName": "Seafood",
          "icon": {
            "prefix": "https://ss3.4sqi.net/img/categories_v2/food/seafood_",
            "suffix": ".png"
          },
          "primary": true
        }
      ],
      "verified": false,
      "stats": {
        "checkinsCount": 33,
        "usersCount": 19,
        "tipCount": 0
      },
      "allowMenuUrlEdit": true,
      "specials": {
        "count": 0,
        "items": []
      },
      "hereNow": {
        "count": 0,
        "summary": "Nobody here",
        "groups": []
      },
      "referralId": "v-1464874514",
      "venueChains": []
    },
    {
      "id": "50d1fd06e4b032983f93eb9a",
      "name": "Ceviche de Pota - Petronila",
      "contact": {},
      "location": {
        "lat": -12.027432,
        "lng": -76.993001,
        "cc": "PE",
        "country": "Perú",
        "formattedAddress": [
          "Perú"
        ]
      },
      "categories": [
        {
          "id": "4bf58dd8d48988d1cb941735",
          "name": "Food Truck",
          "pluralName": "Food Trucks",
          "shortName": "Food Truck",
          "icon": {
            "prefix": "https://ss3.4sqi.net/img/categories_v2/food/streetfood_",
            "suffix": ".png"
          },
          "primary": true
        }
      ],
      "verified": false,
      "stats": {
        "checkinsCount": 9,
        "usersCount": 2,
        "tipCount": 0
      },
      "allowMenuUrlEdit": true,
      "specials": {
        "count": 0,
        "items": []
      },
      "hereNow": {
        "count": 0,
        "summary": "Nobody here",
        "groups": []
      },
      "referralId": "v-1464874514",
      "venueChains": []
    },
    {
      "id": "512d0202e4b0b45ad46b6bfb",
      "name": "Ceviche Factory",
      "contact": {},
      "location": {
        "lat": -12.086583,
        "lng": -77.031983,
        "cc": "PE",
        "country": "Perú",
        "formattedAddress": [
          "Perú"
        ]
      },
      "categories": [
        {
          "id": "4bf58dd8d48988d1ce941735",
          "name": "Seafood Restaurant",
          "pluralName": "Seafood Restaurants",
          "shortName": "Seafood",
          "icon": {
            "prefix": "https://ss3.4sqi.net/img/categories_v2/food/seafood_",
            "suffix": ".png"
          },
          "primary": true
        }
      ],
      "verified": false,
      "stats": {
        "checkinsCount": 4,
        "usersCount": 3,
        "tipCount": 0
      },
      "allowMenuUrlEdit": true,
      "specials": {
        "count": 0,
        "items": []
      },
      "hereNow": {
        "count": 0,
        "summary": "Nobody here",
        "groups": []
      },
      "referralId": "v-1464874514",
      "venueChains": []
    },
    {
      "id": "4d69585a4c4637044c0ea1b3",
      "name": "Ceviche Bar",
      "contact": {},
      "location": {
        "address": "Elias Aguirre 369",
        "crossStreet": "Piura",
        "lat": -12.116169681227259,
        "lng": -77.03486680984497,
        "postalCode": "LI18",
        "cc": "PE",
        "city": "Miraflores",
        "state": "Lima",
        "country": "Perú",
        "formattedAddress": [
          "Elias Aguirre 369 (Piura)",
          "Miraflores",
          "LI18",
          "Perú"
        ]
      },
      "categories": [
        {
          "id": "4bf58dd8d48988d1ce941735",
          "name": "Seafood Restaurant",
          "pluralName": "Seafood Restaurants",
          "shortName": "Seafood",
          "icon": {
            "prefix": "https://ss3.4sqi.net/img/categories_v2/food/seafood_",
            "suffix": ".png"
          },
          "primary": true
        }
      ],
      "verified": false,
      "stats": {
        "checkinsCount": 450,
        "usersCount": 205,
        "tipCount": 20
      },
      "allowMenuUrlEdit": true,
      "specials": {
        "count": 0,
        "items": []
      },
      "hereNow": {
        "count": 0,
        "summary": "Nobody here",
        "groups": []
      },
      "referralId": "v-1464874514",
      "venueChains": []
    },
    {
      "id": "5197ea9e498e45955a0e8303",
      "name": "Cevichería El Firme",
      "contact": {},
      "location": {
        "address": "Jirón Ica 273",
        "crossStreet": "Cayoma",
        "lat": -12.045734494996319,
        "lng": -77.0328358969584,
        "cc": "PE",
        "state": "Lima",
        "country": "Perú",
        "formattedAddress": [
          "Jirón Ica 273 (Cayoma)",
          "Perú"
        ]
      },
      "categories": [
        {
          "id": "4bf58dd8d48988d1ce941735",
          "name": "Seafood Restaurant",
          "pluralName": "Seafood Restaurants",
          "shortName": "Seafood",
          "icon": {
            "prefix": "https://ss3.4sqi.net/img/categories_v2/food/seafood_",
            "suffix": ".png"
          },
          "primary": true
        }
      ],
      "verified": false,
      "stats": {
        "checkinsCount": 22,
        "usersCount": 11,
        "tipCount": 3
      },
      "allowMenuUrlEdit": true,
      "specials": {
        "count": 0,
        "items": []
      },
      "hereNow": {
        "count": 0,
        "summary": "Nobody here",
        "groups": []
      },
      "referralId": "v-1464874514",
      "venueChains": []
    },
    {
      "id": "4e330a6f7d8b6946c1ea1133",
      "name": "Cevichería La Bahía",
      "contact": {},
      "location": {
        "address": "Jr. Camana 318",
        "lat": -12.046172302466823,
        "lng": -77.03271567821503,
        "postalCode": "1",
        "cc": "PE",
        "city": "Cercado de Lima",
        "state": "Lima",
        "country": "Perú",
        "formattedAddress": [
          "Jr. Camana 318",
          "Cercado de Lima",
          "1",
          "Perú"
        ]
      },
      "categories": [
        {
          "id": "4bf58dd8d48988d1ce941735",
          "name": "Seafood Restaurant",
          "pluralName": "Seafood Restaurants",
          "shortName": "Seafood",
          "icon": {
            "prefix": "https://ss3.4sqi.net/img/categories_v2/food/seafood_",
            "suffix": ".png"
          },
          "primary": true
        }
      ],
      "verified": false,
      "stats": {
        "checkinsCount": 23,
        "usersCount": 13,
        "tipCount": 1
      },
      "allowMenuUrlEdit": true,
      "specials": {
        "count": 0,
        "items": []
      },
      "hereNow": {
        "count": 0,
        "summary": "Nobody here",
        "groups": []
      },
      "referralId": "v-1464874514",
      "venueChains": []
    },
    {
      "id": "52b0b2e6498e004fb6cf0539",
      "name": "Cevichería Puerto 260",
      "contact": {
        "phone": "+5117195698",
        "formattedPhone": "+51 1 7195698"
      },
      "location": {
        "address": "Avenida Abancay 260",
        "lat": -12.048555727241208,
        "lng": -77.0270611859713,
        "cc": "PE",
        "city": "Lima",
        "state": "Lima",
        "country": "Perú",
        "formattedAddress": [
          "Avenida Abancay 260",
          "Lima",
          "Perú"
        ]
      },
      "categories": [
        {
          "id": "4eb1bfa43b7b52c0e1adc2e8",
          "name": "Peruvian Restaurant",
          "pluralName": "Peruvian Restaurants",
          "shortName": "Peruvian",
          "icon": {
            "prefix": "https://ss3.4sqi.net/img/categories_v2/food/peruvian_",
            "suffix": ".png"
          },
          "primary": true
        }
      ],
      "verified": false,
      "stats": {
        "checkinsCount": 16,
        "usersCount": 16,
        "tipCount": 1
      },
      "url": "http://www.cevicheriapuerto260.es.tl",
      "allowMenuUrlEdit": true,
      "specials": {
        "count": 0,
        "items": []
      },
      "hereNow": {
        "count": 0,
        "summary": "Nobody here",
        "groups": []
      },
      "referralId": "v-1464874514",
      "venueChains": []
    },
    {
      "id": "5738bf48cd1015663e716914",
      "name": "El Señor Ceviche",
      "contact": {},
      "location": {
        "address": "Av. Cesar Vallejo 1633",
        "lat": -12.039849,
        "lng": -76.99138,
        "cc": "PE",
        "city": "El Agustino",
        "state": "Lima",
        "country": "Perú",
        "formattedAddress": [
          "Av. Cesar Vallejo 1633",
          "El Agustino",
          "Perú"
        ]
      },
      "categories": [
        {
          "id": "4bf58dd8d48988d1ce941735",
          "name": "Seafood Restaurant",
          "pluralName": "Seafood Restaurants",
          "shortName": "Seafood",
          "icon": {
            "prefix": "https://ss3.4sqi.net/img/categories_v2/food/seafood_",
            "suffix": ".png"
          },
          "primary": true
        }
      ],
      "verified": false,
      "stats": {
        "checkinsCount": 2,
        "usersCount": 2,
        "tipCount": 0
      },
      "allowMenuUrlEdit": true,
      "specials": {
        "count": 0,
        "items": []
      },
      "hereNow": {
        "count": 0,
        "summary": "Nobody here",
        "groups": []
      },
      "referralId": "v-1464874514",
      "venueChains": []
    },
    {
      "id": "50a7e477e4b007904aeeec2e",
      "name": "Cevicheria Fabian",
      "contact": {},
      "location": {
        "address": "Jr. Callao 403",
        "crossStreet": "Lima",
        "lat": -12.04440331696166,
        "lng": -77.03463516635837,
        "cc": "PE",
        "city": "Lima",
        "state": "Lima",
        "country": "Perú",
        "formattedAddress": [
          "Jr. Callao 403 (Lima)",
          "Lima",
          "Perú"
        ]
      },
      "categories": [
        {
          "id": "4bf58dd8d48988d1ce941735",
          "name": "Seafood Restaurant",
          "pluralName": "Seafood Restaurants",
          "shortName": "Seafood",
          "icon": {
            "prefix": "https://ss3.4sqi.net/img/categories_v2/food/seafood_",
            "suffix": ".png"
          },
          "primary": true
        }
      ],
      "verified": false,
      "stats": {
        "checkinsCount": 3,
        "usersCount": 1,
        "tipCount": 0
      },
      "allowMenuUrlEdit": true,
      "specials": {
        "count": 0,
        "items": []
      },
      "hereNow": {
        "count": 0,
        "summary": "Nobody here",
        "groups": []
      },
      "referralId": "v-1464874514",
      "venueChains": []
    },
    {
      "id": "4e482647c65bd6ffbea8ba4f",
      "name": "Ceviche Conchas Negras",
      "contact": {},
      "location": {
        "address": "Av. Risso 539 - Lince",
        "crossStreet": "Av. Militar",
        "lat": -12.095089023032525,
        "lng": -77.01281159729828,
        "cc": "PE",
        "city": "Lima",
        "state": "Lima",
        "country": "Perú",
        "formattedAddress": [
          "Av. Risso 539 - Lince (Av. Militar)",
          "Lima",
          "Perú"
        ]
      },
      "categories": [],
      "verified": false,
      "stats": {
        "checkinsCount": 4,
        "usersCount": 3,
        "tipCount": 0
      },
      "specials": {
        "count": 0,
        "items": []
      },
      "hereNow": {
        "count": 0,
        "summary": "Nobody here",
        "groups": []
      },
      "referralId": "v-1464874514",
      "venueChains": []
    },
    {
      "id": "52015bd48bbdf8b4e696c084",
      "name": "Cevichería K-bo Blanco",
      "contact": {},
      "location": {
        "address": "Jr. Azángaro 726",
        "crossStreet": "Lima",
        "lat": -12.05223694765955,
        "lng": -77.03145503997803,
        "postalCode": "01",
        "cc": "PE",
        "city": "Lima",
        "state": "Lima",
        "country": "Perú",
        "formattedAddress": [
          "Jr. Azángaro 726 (Lima)",
          "Lima",
          "01",
          "Perú"
        ]
      },
      "categories": [
        {
          "id": "4bf58dd8d48988d1ce941735",
          "name": "Seafood Restaurant",
          "pluralName": "Seafood Restaurants",
          "shortName": "Seafood",
          "icon": {
            "prefix": "https://ss3.4sqi.net/img/categories_v2/food/seafood_",
            "suffix": ".png"
          },
          "primary": true
        }
      ],
      "verified": false,
      "stats": {
        "checkinsCount": 13,
        "usersCount": 7,
        "tipCount": 2
      },
      "allowMenuUrlEdit": true,
      "specials": {
        "count": 0,
        "items": []
      },
      "hereNow": {
        "count": 0,
        "summary": "Nobody here",
        "groups": []
      },
      "referralId": "v-1464874514",
      "venueChains": []
    },
    {
      "id": "503ba9a7e4b07c3e08b2890d",
      "name": "Ceviche de callejón xD",
      "contact": {},
      "location": {
        "lat": -12.055334,
        "lng": -77.0814461,
        "cc": "PE",
        "country": "Perú",
        "formattedAddress": [
          "Perú"
        ]
      },
      "categories": [
        {
          "id": "4edd64a0c7ddd24ca188df1a",
          "name": "Fish & Chips Shop",
          "pluralName": "Fish & Chips Shops",
          "shortName": "Fish & Chips",
          "icon": {
            "prefix": "https://ss3.4sqi.net/img/categories_v2/food/fishandchips_",
            "suffix": ".png"
          },
          "primary": true
        }
      ],
      "verified": false,
      "stats": {
        "checkinsCount": 11,
        "usersCount": 3,
        "tipCount": 0
      },
      "allowMenuUrlEdit": true,
      "specials": {
        "count": 0,
        "items": []
      },
      "hereNow": {
        "count": 0,
        "summary": "Nobody here",
        "groups": []
      },
      "referralId": "v-1464874514",
      "venueChains": []
    },
    {
      "id": "50da0dc4e4b028bbe6c2dda5",
      "name": "Cevicheria Piscis",
      "contact": {},
      "location": {
        "lat": -12.04516959001763,
        "lng": -77.03649625747865,
        "cc": "PE",
        "country": "Perú",
        "formattedAddress": [
          "Perú"
        ]
      },
      "categories": [
        {
          "id": "4bf58dd8d48988d1ce941735",
          "name": "Seafood Restaurant",
          "pluralName": "Seafood Restaurants",
          "shortName": "Seafood",
          "icon": {
            "prefix": "https://ss3.4sqi.net/img/categories_v2/food/seafood_",
            "suffix": ".png"
          },
          "primary": true
        }
      ],
      "verified": false,
      "stats": {
        "checkinsCount": 2,
        "usersCount": 2,
        "tipCount": 0
      },
      "allowMenuUrlEdit": true,
      "specials": {
        "count": 0,
        "items": []
      },
      "hereNow": {
        "count": 0,
        "summary": "Nobody here",
        "groups": []
      },
      "referralId": "v-1464874514",
      "venueChains": []
    },
    {
      "id": "5249c20d498e4ed36e5da714",
      "name": "Cevichería Cabo Blanco",
      "contact": {},
      "location": {
        "lat": -12.051013946533203,
        "lng": -77.02432250976562,
        "cc": "PE",
        "country": "Perú",
        "formattedAddress": [
          "Perú"
        ]
      },
      "categories": [
        {
          "id": "4bf58dd8d48988d1cd941735",
          "name": "South American Restaurant",
          "pluralName": "South American Restaurants",
          "shortName": "South American",
          "icon": {
            "prefix": "https://ss3.4sqi.net/img/categories_v2/food/argentinian_",
            "suffix": ".png"
          },
          "primary": true
        }
      ],
      "verified": false,
      "stats": {
        "checkinsCount": 1,
        "usersCount": 1,
        "tipCount": 0
      },
      "allowMenuUrlEdit": true,
      "specials": {
        "count": 0,
        "items": []
      },
      "hereNow": {
        "count": 0,
        "summary": "Nobody here",
        "groups": []
      },
      "referralId": "v-1464874514",
      "venueChains": []
    },
    {
      "id": "5021652de4b0f17f049cf7ca",
      "name": "Ceviche al buen paso",
      "contact": {},
      "location": {
        "lat": -12.027588844299316,
        "lng": -77.08501434326172,
        "cc": "PE",
        "country": "Perú",
        "formattedAddress": [
          "Perú"
        ]
      },
      "categories": [
        {
          "id": "4bf58dd8d48988d1ce941735",
          "name": "Seafood Restaurant",
          "pluralName": "Seafood Restaurants",
          "shortName": "Seafood",
          "icon": {
            "prefix": "https://ss3.4sqi.net/img/categories_v2/food/seafood_",
            "suffix": ".png"
          },
          "primary": true
        }
      ],
      "verified": false,
      "stats": {
        "checkinsCount": 1,
        "usersCount": 1,
        "tipCount": 0
      },
      "allowMenuUrlEdit": true,
      "specials": {
        "count": 0,
        "items": []
      },
      "hereNow": {
        "count": 0,
        "summary": "Nobody here",
        "groups": []
      },
      "referralId": "v-1464874514",
      "venueChains": []
    },
    {
      "id": "54c674af498ec3e20f715a25",
      "name": "Cevichería Magariño",
      "contact": {},
      "location": {
        "lat": -12.036185365308686,
        "lng": -77.0339829342937,
        "cc": "PE",
        "country": "Perú",
        "formattedAddress": [
          "Perú"
        ]
      },
      "categories": [
        {
          "id": "4eb1bfa43b7b52c0e1adc2e8",
          "name": "Peruvian Restaurant",
          "pluralName": "Peruvian Restaurants",
          "shortName": "Peruvian",
          "icon": {
            "prefix": "https://ss3.4sqi.net/img/categories_v2/food/peruvian_",
            "suffix": ".png"
          },
          "primary": true
        }
      ],
      "verified": false,
      "stats": {
        "checkinsCount": 2,
        "usersCount": 2,
        "tipCount": 0
      },
      "allowMenuUrlEdit": true,
      "specials": {
        "count": 0,
        "items": []
      },
      "hereNow": {
        "count": 0,
        "summary": "Nobody here",
        "groups": []
      },
      "referralId": "v-1464874514",
      "venueChains": []
    },
    {
      "id": "4f218c9ce4b08ed6b586b85e",
      "name": "Ceviche Pedrito",
      "contact": {},
      "location": {
        "address": "Junin y Castilla!",
        "lat": -12.08183830473782,
        "lng": -77.07276212817077,
        "cc": "PE",
        "country": "Perú",
        "formattedAddress": [
          "Junin y Castilla!",
          "Perú"
        ]
      },
      "categories": [
        {
          "id": "4eb1bfa43b7b52c0e1adc2e8",
          "name": "Peruvian Restaurant",
          "pluralName": "Peruvian Restaurants",
          "shortName": "Peruvian",
          "icon": {
            "prefix": "https://ss3.4sqi.net/img/categories_v2/food/peruvian_",
            "suffix": ".png"
          },
          "primary": true
        }
      ],
      "verified": false,
      "stats": {
        "checkinsCount": 39,
        "usersCount": 31,
        "tipCount": 1
      },
      "allowMenuUrlEdit": true,
      "specials": {
        "count": 0,
        "items": []
      },
      "hereNow": {
        "count": 0,
        "summary": "Nobody here",
        "groups": []
      },
      "referralId": "v-1464874514",
      "venueChains": []
    },
    {
      "id": "5335aa5a498eb6f118ca1c19",
      "name": "Ceviche Movil \"El Tiburon\"",
      "contact": {},
      "location": {
        "lat": -11.990018844604492,
        "lng": -77.06237030029297,
        "cc": "PE",
        "country": "Perú",
        "formattedAddress": [
          "Perú"
        ]
      },
      "categories": [
        {
          "id": "4bf58dd8d48988d1ce941735",
          "name": "Seafood Restaurant",
          "pluralName": "Seafood Restaurants",
          "shortName": "Seafood",
          "icon": {
            "prefix": "https://ss3.4sqi.net/img/categories_v2/food/seafood_",
            "suffix": ".png"
          },
          "primary": true
        }
      ],
      "verified": false,
      "stats": {
        "checkinsCount": 1,
        "usersCount": 1,
        "tipCount": 0
      },
      "allowMenuUrlEdit": true,
      "specials": {
        "count": 0,
        "items": []
      },
      "hereNow": {
        "count": 0,
        "summary": "Nobody here",
        "groups": []
      },
      "referralId": "v-1464874514",
      "venueChains": []
    },
    {
      "id": "52ee8c46498e90aea62fe657",
      "name": "Ceviche Loco",
      "contact": {},
      "location": {
        "lat": -12.098509788513184,
        "lng": -77.0627212524414,
        "cc": "PE",
        "country": "Perú",
        "formattedAddress": [
          "Perú"
        ]
      },
      "categories": [
        {
          "id": "4bf58dd8d48988d1ce941735",
          "name": "Seafood Restaurant",
          "pluralName": "Seafood Restaurants",
          "shortName": "Seafood",
          "icon": {
            "prefix": "https://ss3.4sqi.net/img/categories_v2/food/seafood_",
            "suffix": ".png"
          },
          "primary": true
        }
      ],
      "verified": false,
      "stats": {
        "checkinsCount": 2,
        "usersCount": 2,
        "tipCount": 0
      },
      "allowMenuUrlEdit": true,
      "specials": {
        "count": 0,
        "items": []
      },
      "hereNow": {
        "count": 0,
        "summary": "Nobody here",
        "groups": []
      },
      "referralId": "v-1464874514",
      "venueChains": []
    },
    {
      "id": "4bc7546a0050b713c07ab83b",
      "name": "Cevicheria Picanteria El Paisa",
      "contact": {},
      "location": {
        "address": "Jr.Apurimac 259",
        "lat": -12.05154165,
        "lng": -77.03292341,
        "cc": "PE",
        "state": "Lima",
        "country": "Perú",
        "formattedAddress": [
          "Jr.Apurimac 259",
          "Perú"
        ]
      },
      "categories": [
        {
          "id": "4bf58dd8d48988d1be941735",
          "name": "Latin American Restaurant",
          "pluralName": "Latin American Restaurants",
          "shortName": "Latin American",
          "icon": {
            "prefix": "https://ss3.4sqi.net/img/categories_v2/food/latinamerican_",
            "suffix": ".png"
          },
          "primary": true
        }
      ],
      "verified": false,
      "stats": {
        "checkinsCount": 150,
        "usersCount": 116,
        "tipCount": 15
      },
      "allowMenuUrlEdit": true,
      "specials": {
        "count": 0,
        "items": []
      },
      "hereNow": {
        "count": 0,
        "summary": "Nobody here",
        "groups": []
      },
      "referralId": "v-1464874514",
      "venueChains": []
    },
    {
      "id": "50a7b1a6e4b01c67631fcc1b",
      "name": "Cevicheria \"Los Tumbesinos\"",
      "contact": {},
      "location": {
        "lat": -12.033714228390009,
        "lng": -77.04255163362976,
        "cc": "PE",
        "country": "Perú",
        "formattedAddress": [
          "Perú"
        ]
      },
      "categories": [
        {
          "id": "4bf58dd8d48988d1ce941735",
          "name": "Seafood Restaurant",
          "pluralName": "Seafood Restaurants",
          "shortName": "Seafood",
          "icon": {
            "prefix": "https://ss3.4sqi.net/img/categories_v2/food/seafood_",
            "suffix": ".png"
          },
          "primary": true
        }
      ],
      "verified": false,
      "stats": {
        "checkinsCount": 11,
        "usersCount": 9,
        "tipCount": 0
      },
      "allowMenuUrlEdit": true,
      "specials": {
        "count": 0,
        "items": []
      },
      "hereNow": {
        "count": 0,
        "summary": "Nobody here",
        "groups": []
      },
      "referralId": "v-1464874514",
      "venueChains": []
    },
    {
      "id": "52641bd7498ea0cd43c46d11",
      "name": "Cevichería El Pulpito",
      "contact": {},
      "location": {
        "lat": -12.054739842080673,
        "lng": -77.0198578740869,
        "cc": "PE",
        "country": "Perú",
        "formattedAddress": [
          "Perú"
        ]
      },
      "categories": [
        {
          "id": "4bf58dd8d48988d1ce941735",
          "name": "Seafood Restaurant",
          "pluralName": "Seafood Restaurants",
          "shortName": "Seafood",
          "icon": {
            "prefix": "https://ss3.4sqi.net/img/categories_v2/food/seafood_",
            "suffix": ".png"
          },
          "primary": true
        }
      ],
      "verified": false,
      "stats": {
        "checkinsCount": 8,
        "usersCount": 7,
        "tipCount": 1
      },
      "allowMenuUrlEdit": true,
      "specials": {
        "count": 0,
        "items": []
      },
      "hereNow": {
        "count": 0,
        "summary": "Nobody here",
        "groups": []
      },
      "referralId": "v-1464874514",
      "venueChains": []
    }
  ],
  "geocode": {
    "what": "",
    "where": "lima pe",
    "feature": {
      "cc": "PE",
      "name": "Lima",
      "displayName": "Lima, Peru",
      "matchedName": "Lima, PE",
      "highlightedName": "<b>Lima</b>, <b>PE</b>",
      "woeType": 7,
      "slug": "lima",
      "id": "geonameid:3936456",
      "longId": "72057594041864392",
      "geometry": {
        "center": {
          "lat": -12.04318,
          "lng": -77.02824
        },
        "bounds": {
          "ne": {
            "lat": -11.656775003499892,
            "lng": -76.62062601154459
          },
          "sw": {
            "lat": -12.512180998561522,
            "lng": -77.20014996416089
          }
        }
      }
    },
    "parents": []
  }
}
